Station,Year,mean,min,max
BEL00081,2019,0.001516,0.00041,0.0027
BEL00082,2018,0.0022192307692307693,0.00112,0.0073
BEL00082,2021,0.014839999999999999,0.003,0.027416
BEL00084,2017,0.006566666666666666,0.0037,0.0105
BEL00084,2020,0.007058333333333333,0.0024,0.0159
BEL00086,2018,0.004525,0.0033,0.0062
BEL00086,2021,0.018208,0.005,0.027416
BEL00087,2018,0.004366666666666667,0.0033,0.0063
BEL00087,2021,0.017673333333333333,0.005,0.027416
BEL00088,2017,0.0037,0.0037,0.0037
BEL00088,2018,0.003741666666666667,0.0026,0.0048
BEL00088,2021,0.015673333333333334,0.003,0.027416
BEL00090,2017,0.002691666666666667,0.0015,0.0048
BEL00090,2020,0.0056033333333333326,0.00081,0.036
BEL00092,2017,0.0011400000000000002,0.00079,0.0025
BEL00092,2020,0.004125,0.0004,0.023
BEL00093,2019,0.00445,0.0031,0.007
BEL00094,2019,0.004,0.00108,0.0145
BEL00096,2018,0.010475,0.0072,0.013
BEL00096,2021,0.029840727272727272,0.016,0.07
BEL00098,2019,0.005158333333333333,0.0004,0.016
BEL00100,2019,0.0030833333333333333,0.0018,0.007
BEL00101,2019,0.0028750000000000004,0.0018,0.007
BEL00102,2019,0.002512727272727273,0.00144,0.007
BEL00104,2017,0.0028833333333333332,0.0014,0.0061
BEL00104,2020,0.002213636363636364,0.0008,0.0049
BEL00106,2017,0.0032909090909090913,0.0014,0.008
BEL00110,2017,0.0039833333333333335,0.0016,0.008
BEL00110,2020,0.006566666666666666,0.00087,0.022
BEL00111,2017,0.0022908333333333335,0.00064,0.009
BEL00111,2020,0.0030358333333333335,0.00086,0.0101
BEL00112,2017,0.007381818181818181,0.0058,0.011
BEL00112,2020,0.004341666666666666,0.003,0.0064
BEL00113,2017,0.003080833333333333,0.0011,0.0048
BEL00113,2020,0.007188333333333334,0.0008,0.044
BEL00114,2019,0.0013325000000000001,0.0004,0.007
BEL00115,2017,0.021754545454545457,0.0083,0.094
BEL00115,2019,0.01,0.007,0.013
BEL00115,2020,0.010272727272727274,0.0048,0.018
BEL00115,2021,0.033708,0.027416,0.04
BEL00116,2019,0.002925,0.002,0.007
BEL00117,2017,0.006441666666666666,0.0049,0.0081
BEL00117,2020,0.008450000000000001,0.0031,0.029
BEL00118,2019,0.008041666666666667,0.0052,0.02
BEL00119,2017,0.0074,0.0038,0.011
BEL00119,2018,0.00715,0.0039,0.016
BEL00119,2019,0.00655,0.006,0.0069
BEL00119,2020,0.003925,0.0024,0.0056
BEL00119,2021,0.01954133333333333,0.007,0.027416
BEL00120,2017,0.00176,0.0014,0.0022
BEL00120,2018,0.0014774999999999999,0.00102,0.0019
BEL00120,2019,0.001625,0.0012,0.0019
BEL00120,2020,0.00198,0.00072,0.0049
BEL00120,2021,0.012780333333333333,0.003,0.027416
BEL00122,2018,0.002643333333333333,0.00093,0.0046
BEL00122,2021,0.015874666666666665,0.003,0.027416
BEL00124,2019,0.0031444444444444445,0.001,0.0076
BEL00125,2019,0.0015858333333333334,0.00046,0.003
BGR00002,2020,2e-05,2e-05,2e-05
BGR00003,2020,2e-05,2e-05,2e-05
CHE00016,2012,0.005290909090909091,0.0034,0.012
CHE00034,2012,0.0016272727272727272,0.001,0.0022
CHE00043,2012,0.0020636363636363634,0.001,0.0051
CHE00046,2012,0.002581818181818182,0.001,0.0073
CHE00072,2012,0.005276923076923077,0.005,0.0075
CHE00075,2012,0.0015636363636363636,0.001,0.0022
EST00004,2019,3.1e-05,3.1e-05,3.1e-05
EST00005,2019,3.1e-05,3.1e-05,3.1e-05
EST00005,2020,3e-05,3e-05,3e-05
FRA00029,2016,0.001,0.001,0.001
FRA00029,2017,0.0006,0.0006,0.0006
FRA00030,2016,0.001,0.001,0.001
FRA00030,2017,0.0006153846153846154,0.0006,0.0007
FRA00031,2016,0.001075,0.001,0.0013
FRA00031,2017,0.0007307692307692308,0.0006,0.0013
FRA00032,2016,0.0016,0.001,0.002
FRA00032,2017,0.001969230769230769,0.0011,0.0048
FRA00033,2016,0.0033333333333333327,0.0016,0.0056
FRA00033,2017,0.0024,0.0008,0.0068
FRA00034,2016,0.0029749999999999998,0.0024,0.0036
FRA00034,2017,0.0025346153846153847,0.0014,0.0063
FRA00035,2016,0.004225,0.0036,0.0055
FRA00035,2017,0.0031583333333333337,0.0006,0.0048
FRA00036,2016,0.00165,0.001,0.0025
FRA00036,2017,0.001246153846153846,0.0006,0.0019
FRA00037,2016,0.0021000000000000003,0.001,0.0037
FRA00037,2017,0.0022615384615384615,0.0009,0.0059
FRA00038,2016,0.003225,0.0012,0.0055
FRA00038,2017,0.0033153846153846154,0.0012,0.0056
FRA00039,2016,0.001,0.001,0.001
FRA00039,2017,0.0006076923076923076,0.0006,0.0007
FRA00040,2016,0.0033499999999999997,0.0017,0.0055
FRA00040,2017,0.0031384615384615383,0.0012,0.0062
FRA00041,2016,0.0026750000000000003,0.0014,0.0042
FRA00041,2017,0.0038692307692307698,0.0006,0.0199
FRA00042,2016,0.004,0.0028,0.0054
FRA00042,2017,0.006330769230769231,0.0018,0.0288
FRA00043,2016,0.002875,0.001,0.0048
FRA00043,2017,0.004169230769230769,0.0019,0.0067
FRA00044,2016,0.001,0.001,0.001
FRA00044,2017,0.0006846153846153846,0.0006,0.0017
FRA00045,2016,0.0014500000000000001,0.001,0.002
FRA00045,2017,0.0014307692307692307,0.0006,0.0034
FRA00046,2016,0.0027,0.0016,0.0037
FRA00046,2017,0.002861538461538462,0.0014,0.0061
FRA00047,2016,0.001175,0.001,0.0014
FRA00047,2017,0.00115,0.0006,0.0019
FRA00048,2018,0.02,0.02,0.02
FRA00048,2021,0.02,0.02,0.02
FRA00049,2018,0.02,0.02,0.02
FRA00049,2021,0.0201,0.02,0.0212
FRA00050,2018,0.021818181818181816,0.02,0.04
FRA00050,2021,0.02,0.02,0.02
FRA00051,2018,0.021818181818181816,0.02,0.04
FRA00051,2021,0.02,0.02,0.02
FRA00052,2016,0.020050000000000002,0.02,0.0206
FRA00052,2017,0.021358333333333337,0.02,0.0289
FRA00052,2018,0.02,0.02,0.02
FRA00052,2019,0.02,0.02,0.02
FRA00052,2020,0.02,0.02,0.02
FRA00052,2021,0.020066666666666667,0.02,0.0208
FRA00053,2016,0.02,0.02,0.02
FRA00053,2017,0.02,0.02,0.02
FRA00053,2018,0.022222222222222223,0.02,0.04
FRA00053,2019,0.02,0.02,0.02
FRA00053,2020,0.02,0.02,0.02
FRA00053,2021,0.02,0.02,0.02
FRA00054,2016,0.02,0.02,0.02
FRA00054,2017,0.02,0.02,0.02
FRA00054,2018,0.02,0.02,0.02
FRA00054,2019,0.02,0.02,0.02
FRA00054,2020,0.02,0.02,0.02
FRA00054,2021,0.02,0.02,0.02
FRA00055,2016,0.02,0.02,0.02
FRA00055,2017,0.02,0.02,0.02
FRA00055,2018,0.02,0.02,0.02
FRA00055,2019,0.021666666666666667,0.02,0.04
FRA00055,2020,0.02,0.02,0.02
FRA00055,2021,0.02,0.02,0.02
FRA00056,2018,0.020016666666666665,0.02,0.0202
FRA00056,2021,0.02,0.02,0.02
FRA00057,2016,0.02,0.02,0.02
FRA00057,2017,0.02,0.02,0.02
FRA00057,2018,0.021333333333333333,0.02,0.04
FRA00057,2019,0.020437037037037035,0.02,0.0318
FRA00057,2020,0.02,0.02,0.02
FRA00057,2021,0.02,0.02,0.02
FRA00058,2016,0.02,0.02,0.02
FRA00058,2017,0.019999999999999997,0.02,0.02
FRA00058,2018,0.02,0.02,0.02
FRA00058,2019,0.02,0.02,0.02
FRA00058,2020,0.02,0.02,0.02
FRA00058,2021,0.02,0.02,0.02
FRA00059,2016,0.020883333333333334,0.02,0.0306
FRA00059,2017,0.02,0.02,0.02
FRA00059,2018,0.020563636363636364,0.02,0.0262
FRA00059,2019,0.020281818181818182,0.02,0.0231
FRA00059,2020,0.02074166666666667,0.02,0.0286
FRA00059,2021,0.02,0.02,0.02
FRA00060,2016,0.02146,0.02,0.0391
FRA00060,2017,0.02121111111111111,0.02,0.0429
FRA00060,2018,0.020460000000000002,0.02,0.0261
FRA00060,2019,0.020778571428571427,0.02,0.04
FRA00060,2020,0.020003703703703704,0.02,0.0201
FRA00060,2021,0.02061666666666667,0.02,0.0274
FRA00076,2020,0.01,0.01,0.01
FRA00076,2021,0.01,0.01,0.01
FRA00077,2019,1.9833333333333334,1.3,2.9
FRA00080,2015,0.05000000000000001,0.05,0.05
FRA00084,2015,0.05,0.05,0.05
FRA00088,2016,0.002166666666666667,0.001,0.003
FRA00088,2017,0.0025,0.001,0.004
FRA00088,2018,0.0041818181818181815,0.001,0.009
FRA00088,2019,0.0025833333333333333,0.001,0.005
FRA00088,2021,0.00151,0.001,0.0023
FRA00089,2016,0.001,0.001,0.001
FRA00089,2017,0.001,0.001,0.001
FRA00089,2018,0.001,0.001,0.001
FRA00089,2019,0.0031666666666666666,0.001,0.024
FRA00089,2021,0.001,0.001,0.001
FRA00090,2016,0.0020833333333333333,0.001,0.014
FRA00090,2017,0.0010833333333333335,0.001,0.002
FRA00090,2018,0.0011818181818181819,0.001,0.002
FRA00090,2019,0.0025,0.001,0.018
FRA00090,2021,0.001,0.001,0.001
FRA00091,2016,0.003916666666666666,0.001,0.019
FRA00091,2017,0.004,0.001,0.016
FRA00091,2018,0.003,0.001,0.006
FRA00091,2019,0.002916666666666667,0.001,0.006
FRA00091,2021,0.0019500000000000001,0.001,0.0035
FRA00092,2016,0.006166666666666667,0.003,0.015
FRA00092,2017,0.008749999999999999,0.001,0.018
FRA00092,2018,0.008909090909090908,0.001,0.022
FRA00092,2019,0.008749999999999999,0.003,0.016
FRA00092,2021,0.004536363636363636,0.0017,0.0118
FRA00093,2016,0.003416666666666667,0.001,0.007
FRA00093,2017,0.004083333333333334,0.003,0.007
FRA00093,2018,0.005583333333333333,0.001,0.011
FRA00093,2019,0.007083333333333334,0.003,0.034
FRA00093,2021,0.0021416666666666667,0.0012,0.0049
FRA00094,2016,0.002416666666666667,0.001,0.005
FRA00094,2017,0.0030416666666666665,0.001,0.017
FRA00094,2018,0.0023333333333333335,0.001,0.003
FRA00094,2019,0.002166666666666667,0.001,0.003
FRA00094,2021,0.0011090909090909092,0.001,0.0015
FRA00095,2016,0.0010833333333333335,0.001,0.003
FRA00095,2017,0.0010833333333333335,0.001,0.003
FRA00095,2018,0.0012000000000000001,0.001,0.002
FRA00095,2019,0.0011666666666666668,0.001,0.002
FRA00095,2021,0.0010363636363636365,0.001,0.0014
FRA00096,2016,0.002,0.001,0.003
FRA00096,2017,0.0024583333333333336,0.001,0.008
FRA00096,2018,0.0026363636363636363,0.001,0.006
FRA00096,2019,0.0018181818181818182,0.001,0.003
FRA00096,2021,0.0012181818181818181,0.001,0.0026
FRA00097,2016,0.0025833333333333333,0.001,0.004
FRA00097,2017,0.005999999999999999,0.001,0.018
FRA00097,2018,0.005583333333333333,0.002,0.017
FRA00097,2019,0.003916666666666666,0.002,0.007
FRA00097,2021,0.0031416666666666663,0.001,0.0084
FRA00098,2016,0.005166666666666667,0.003,0.007
FRA00098,2017,0.005916666666666667,0.001,0.01
FRA00098,2018,0.006083333333333333,0.003,0.014
FRA00098,2019,0.0065,0.004,0.013
FRA00098,2021,0.0031333333333333335,0.0017,0.0076
FRA00099,2016,0.001,0.001,0.001
FRA00099,2017,0.001,0.001,0.001
FRA00099,2018,0.001090909090909091,0.001,0.002
FRA00099,2019,0.001,0.001,0.001
FRA00099,2021,0.001,0.001,0.001
FRA00100,2016,0.005777777777777778,0.002,0.039
FRA00100,2017,0.007071428571428571,0.001,0.065
FRA00100,2018,0.0029090909090909093,0.001,0.006
FRA00100,2019,0.003909090909090909,0.001,0.011
FRA00100,2021,0.0018583333333333334,0.001,0.0045
FRA00101,2016,0.02764,0.002,0.05
FRA00101,2017,0.026971428571428573,0.0012,0.05
FRA00101,2018,0.02682,0.0016,0.05
FRA00101,2019,0.004304166666666667,0.0017,0.0105
FRA00101,2021,0.0034416666666666662,0.001,0.0074
FRA00102,2016,0.0014409090909090908,0.001,0.0026
FRA00102,2018,0.0012916666666666667,0.001,0.002
FRA00102,2019,0.001475,0.001,0.006
FRA00102,2021,0.0012749999999999999,0.001,0.0024
FRA00103,2016,0.02,0.02,0.02
FRA00103,2017,0.02,0.02,0.02
FRA00103,2018,0.02,0.02,0.02
FRA00103,2019,0.02,0.02,0.02
FRA00103,2020,0.02,0.02,0.02
FRA00103,2021,0.02,0.02,0.02
FRA00104,2016,0.02,0.02,0.02
FRA00104,2017,0.021133333333333334,0.02,0.0336
FRA00104,2018,0.02,0.02,0.02
FRA00104,2019,0.02,0.02,0.02
FRA00104,2020,0.02,0.02,0.02
FRA00104,2021,0.02,0.02,0.02
FRA00105,2016,0.02,0.02,0.02
FRA00105,2017,0.02,0.02,0.02
FRA00105,2018,0.02,0.02,0.02
FRA00105,2019,0.02,0.02,0.02
FRA00105,2020,0.02,0.02,0.02
FRA00105,2021,0.02,0.02,0.02
FRA00106,2016,0.02,0.02,0.02
FRA00106,2017,0.02,0.02,0.02
FRA00106,2018,0.02,0.02,0.02
FRA00106,2019,0.02,0.02,0.02
FRA00106,2020,0.02,0.02,0.02
FRA00106,2021,0.02,0.02,0.02
FRA00107,2016,0.02,0.02,0.02
FRA00107,2017,0.02,0.02,0.02
FRA00107,2018,0.02,0.02,0.02
FRA00107,2019,0.02,0.02,0.02
FRA00107,2020,0.02,0.02,0.02
FRA00107,2021,0.02,0.02,0.02
FRA00108,2016,0.02,0.02,0.02
FRA00108,2017,0.02,0.02,0.02
FRA00108,2018,0.02,0.02,0.02
FRA00108,2019,0.02,0.02,0.02
FRA00108,2020,0.02,0.02,0.02
FRA00108,2021,0.02,0.02,0.02
FRA00109,2016,0.020100000000000003,0.02,0.0211
FRA00109,2017,0.02,0.02,0.02
FRA00109,2018,0.02,0.02,0.02
FRA00109,2019,0.02,0.02,0.02
FRA00109,2020,0.02,0.02,0.02
FRA00109,2021,0.02,0.02,0.02
FRA00110,2016,0.02,0.02,0.02
FRA00110,2017,0.02,0.02,0.02
FRA00110,2018,0.02020833333333333,0.02,0.0223
FRA00110,2019,0.02049166666666667,0.02,0.0259
FRA00110,2020,0.02,0.02,0.02
FRA00110,2021,0.02,0.02,0.02
FRA00111,2016,0.02,0.02,0.02
FRA00111,2017,0.02,0.02,0.02
FRA00111,2018,0.023333333333333334,0.02,0.04
FRA00111,2019,0.02,0.02,0.02
FRA00111,2020,0.02,0.02,0.02
FRA00111,2021,0.02,0.02,0.02
FRA00112,2016,0.02,0.02,0.02
FRA00112,2017,0.02,0.02,0.02
FRA00112,2018,0.02,0.02,0.02
FRA00112,2019,0.02,0.02,0.02
FRA00112,2020,0.02,0.02,0.02
FRA00112,2021,0.02,0.02,0.02
FRA00113,2016,0.025733333333333334,0.02,0.08
FRA00113,2017,0.02145,0.02,0.0302
FRA00113,2018,0.02420833333333333,0.02,0.0457
FRA00113,2019,0.024525,0.02,0.055
FRA00113,2020,0.022691666666666666,0.02,0.0343
FRA00113,2021,0.02650833333333333,0.02,0.0467
FRA00114,2016,0.02,0.02,0.02
FRA00114,2017,0.02,0.02,0.02
FRA00114,2018,0.02,0.02,0.02
FRA00114,2019,0.021608333333333337,0.02,0.0393
FRA00114,2020,0.02,0.02,0.02
FRA00114,2021,0.02,0.02,0.02
FRA00115,2016,0.02,0.02,0.02
FRA00115,2017,0.02,0.02,0.02
FRA00115,2018,0.02,0.02,0.02
FRA00115,2019,0.02,0.02,0.02
FRA00115,2020,0.02,0.02,0.02
FRA00115,2021,0.02,0.02,0.02
FRA00116,2016,0.02025,0.02,0.023
FRA00116,2017,0.02,0.02,0.02
FRA00116,2018,0.02,0.02,0.02
FRA00116,2019,0.02,0.02,0.02
FRA00116,2020,0.02,0.02,0.02
FRA00116,2021,0.02,0.02,0.02
FRA00117,2016,0.02,0.02,0.02
FRA00117,2017,0.02,0.02,0.02
FRA00117,2018,0.02,0.02,0.02
FRA00117,2019,0.021818181818181816,0.02,0.04
FRA00117,2020,0.02,0.02,0.02
FRA00117,2021,0.0202,0.02,0.0224
FRA00118,2016,0.02,0.02,0.02
FRA00118,2017,0.02,0.02,0.02
FRA00118,2018,0.02,0.02,0.02
FRA00118,2019,0.02,0.02,0.02
FRA00118,2020,0.02,0.02,0.02
FRA00118,2021,0.02,0.02,0.02
FRA00119,2016,0.02,0.02,0.02
FRA00119,2017,0.02,0.02,0.02
FRA00119,2018,0.021666666666666667,0.02,0.04
FRA00119,2019,0.02,0.02,0.02
FRA00119,2020,0.02,0.02,0.02
FRA00119,2021,0.02,0.02,0.02
FRA00120,2016,0.02,0.02,0.02
FRA00120,2017,0.02,0.02,0.02
FRA00120,2018,0.022,0.02,0.04
FRA00120,2019,0.02,0.02,0.02
FRA00120,2020,0.02,0.02,0.02
FRA00120,2021,0.02,0.02,0.02
FRA00121,2016,0.02,0.02,0.02
FRA00121,2017,0.0208,0.02,0.04
FRA00121,2018,0.020714285714285713,0.02,0.04
FRA00121,2019,0.02,0.02,0.02
FRA00121,2020,0.019321428571428573,0.001,0.02
FRA00121,2021,0.02,0.02,0.02
FRA00122,2016,0.02,0.02,0.02
FRA00122,2017,0.02,0.02,0.02
FRA00122,2018,0.02,0.02,0.02
FRA00122,2019,0.02,0.02,0.02
FRA00122,2020,0.02,0.02,0.02
FRA00122,2021,0.02,0.02,0.02
FRA00123,2016,0.02,0.02,0.02
FRA00123,2017,0.02,0.02,0.02
FRA00123,2018,0.02,0.02,0.02
FRA00123,2019,0.02,0.02,0.02
FRA00123,2020,0.02,0.02,0.02
FRA00123,2021,0.02,0.02,0.02
FRA00124,2016,0.02,0.02,0.02
FRA00124,2017,0.02,0.02,0.02
FRA00124,2018,0.02,0.02,0.02
FRA00124,2019,0.02,0.02,0.02
FRA00124,2020,0.02,0.02,0.02
FRA00124,2021,0.02,0.02,0.02
FRA00125,2016,0.0205,0.02,0.026
FRA00125,2017,0.02,0.02,0.02
FRA00125,2018,0.025627272727272724,0.02,0.0819
FRA00125,2019,0.0204,0.02,0.0248
FRA00125,2020,0.02,0.02,0.02
FRA00125,2021,0.020183333333333334,0.02,0.0222
FRA00126,2016,0.02475833333333333,0.02,0.0484
FRA00126,2017,0.021372727272727272,0.02,0.0286
FRA00126,2018,0.028566666666666667,0.02,0.0507
FRA00126,2019,0.022025,0.02,0.029
FRA00126,2020,0.021025000000000002,0.02,0.0293
FRA00126,2021,0.02211666666666667,0.02,0.0334
FRA00127,2016,0.021158333333333335,0.02,0.032
FRA00127,2017,0.02305,0.02,0.048
FRA00127,2018,0.020091666666666667,0.02,0.0207
FRA00127,2019,0.022658333333333336,0.02,0.04
FRA00127,2020,0.020341666666666668,0.02,0.0224
FRA00127,2021,0.03361666666666666,0.02,0.105
FRA00128,2016,0.02,0.02,0.02
FRA00128,2017,0.02016153846153846,0.02,0.0226
FRA00128,2018,0.019999999999999997,0.02,0.02
FRA00128,2019,0.02,0.02,0.02
FRA00128,2020,0.020360714285714288,0.02,0.0301
FRA00128,2021,0.02,0.02,0.02
FRA00132,2016,0.0010833333333333335,0.001,0.002
FRA00132,2017,0.0010833333333333335,0.001,0.002
FRA00132,2018,0.0013333333333333333,0.001,0.003
FRA00132,2019,0.001,0.001,0.001
FRA00132,2021,0.0010833333333333335,0.001,0.002
FRA00133,2016,0.001,0.001,0.001
FRA00133,2017,0.001,0.001,0.001
FRA00133,2018,0.001,0.001,0.001
FRA00133,2019,0.001,0.001,0.001
FRA00133,2021,0.001,0.001,0.001
FRA00134,2016,0.0333,0.0333,0.0333
FRA00135,2016,0.0333,0.0333,0.0333
FRA00136,2016,0.0333,0.0333,0.0333
FRA00137,2016,0.0333,0.0333,0.0333
FRA00138,2016,0.0333,0.0333,0.0333
FRA00139,2016,0.0333,0.0333,0.0333
FRA00140,2016,0.0333,0.0333,0.0333
FRA00141,2016,0.0333,0.0333,0.0333
FRA00142,2016,0.0333,0.0333,0.0333
FRA00143,2016,0.0333,0.0333,0.0333
FRA00144,2016,0.0333,0.0333,0.0333
FRA00145,2016,0.0333,0.0333,0.0333
FRA00146,2016,0.0333,0.0333,0.0333
FRA00147,2016,0.1,0.1,0.1
FRA00147,2018,0.001,0.001,0.001
FRA00148,2016,0.1,0.1,0.1
FRA00148,2018,0.001,0.001,0.001
FRA00149,2016,0.1,0.1,0.1
FRA00149,2018,0.001,0.001,0.001
FRA00150,2016,0.1,0.1,0.1
FRA00150,2018,0.001,0.001,0.001
FRA00151,2016,0.1,0.1,0.1
FRA00151,2018,0.0012727272727272728,0.001,0.002
FRA00152,2016,0.1,0.1,0.1
FRA00152,2018,0.001090909090909091,0.001,0.002
FRA00153,2016,0.1,0.1,0.1
FRA00153,2018,0.001090909090909091,0.001,0.002
FRA00154,2016,0.1,0.1,0.1
FRA00154,2018,0.001,0.001,0.001
FRA00155,2016,0.10000000000000002,0.1,0.1
FRA00155,2018,0.001,0.001,0.001
HRV00003,2017,0.00051,0.00051,0.00051
HRV00003,2021,0.00049,0.00049,0.00049
HRV00008,2016,0.0010533333333333332,0.00104,0.0012
HRV00008,2019,0.00025,0.00025,0.00025
HRV00008,2021,0.00049,0.00049,0.00049
HRV00010,2016,0.00104,0.00104,0.00104
HRV00010,2019,0.00025,0.00025,0.00025
HRV00010,2021,0.0007375,0.00049,0.0026
HRV00011,2017,0.00051,0.00051,0.00051
HRV00011,2019,0.00025,0.00025,0.00025
HRV00011,2021,0.00049,0.00049,0.00049
HRV00012,2017,0.00051,0.00051,0.00051
HRV00012,2019,0.00035600000000000003,0.00025,0.00119
HRV00012,2021,0.0007741666666666666,0.00049,0.0039
HRV00013,2018,0.000254,0.00025,0.00027
HRV00013,2019,0.000259,0.00025,0.00034
HRV00013,2021,0.00049,0.00049,0.00049
HRV00014,2017,0.00051,0.00051,0.00051
HRV00014,2019,0.00025,0.00025,0.00025
HRV00014,2021,0.00049,0.00049,0.00049
HRV00015,2017,0.00051,0.00051,0.00051
HRV00015,2019,0.00025,0.00025,0.00025
HRV00015,2021,0.00049,0.00049,0.00049
HRV00016,2016,0.0010408333333333333,0.00104,0.00105
HRV00016,2019,0.00025,0.00025,0.00025
HRV00016,2021,0.00049,0.00049,0.00049
HRV00017,2016,0.00104,0.00104,0.00104
HRV00017,2019,0.00025,0.00025,0.00025
HRV00017,2021,0.00049,0.00049,0.00049
HRV00018,2017,0.00051,0.00051,0.00051
HRV00018,2019,0.00025,0.00025,0.00025
HRV00018,2021,0.0005466666666666667,0.00049,0.00117
HRV00019,2018,0.00025,0.00025,0.00025
HRV00019,2019,0.00025,0.00025,0.00025
HRV00019,2021,0.00049,0.00049,0.00049
HRV00020,2018,0.000298,0.00025,0.00049
HRV00020,2019,0.00025,0.00025,0.00025
HRV00020,2021,0.00049,0.00049,0.00049
HRV00021,2016,0.0011009090909090908,0.00104,0.00171
HRV00021,2019,0.00025,0.00025,0.00025
HRV00021,2021,0.00049,0.00049,0.00049
HRV00024,2016,0.00104,0.00104,0.00104
HRV00024,2019,0.00025,0.00025,0.00025
HRV00024,2021,0.00049,0.00049,0.00049
HRV00025,2016,0.00104,0.00104,0.00104
HRV00025,2019,0.081225,0.00025,0.81
HRV00025,2021,0.00049,0.00049,0.00049
HRV00026,2018,0.0002975,0.00025,0.00044
HRV00026,2019,0.00025,0.00025,0.00025
HRV00026,2021,0.00049,0.00049,0.00049
HRV00027,2016,0.0011033333333333331,0.00104,0.0018
HRV00027,2019,0.00025,0.00025,0.00025
HRV00027,2021,0.00049,0.00049,0.00049
HRV00029,2016,0.0010558333333333333,0.00104,0.00123
HRV00029,2019,0.00029,0.00025,0.00065
HRV00029,2021,0.0005991666666666667,0.00049,0.0018
HRV00030,2018,0.00029,0.00025,0.00045
HRV00030,2019,0.00025,0.00025,0.00025
HRV00030,2021,0.00049,0.00049,0.00049
HRV00031,2018,0.00027400000000000005,0.00025,0.00037
HRV00031,2019,0.00025,0.00025,0.00025
HRV00031,2021,0.00049,0.00049,0.00049
HRV00033,2018,0.00028166666666666666,0.00025,0.00044
HRV00033,2019,0.013925000000000002,0.00025,0.137
HRV00033,2021,0.00049,0.00049,0.00049
HRV00038,2017,0.00051,0.00051,0.00051
HRV00038,2019,0.00025,0.00025,0.00025
HRV00038,2021,0.00049,0.00049,0.00049
HRV00042,2016,0.00104,0.00104,0.00104
HRV00042,2019,0.00025,0.00025,0.00025
HRV00042,2021,0.00049,0.00049,0.00049
HRV00043,2016,0.0010766666666666665,0.00104,0.00148
HRV00043,2019,0.00025,0.00025,0.00025
HRV00043,2021,0.00049,0.00049,0.00049
IRL00006,2021,0.00033250000000000006,0.00013,0.00073
IRL00007,2021,0.0003090909090909091,0.00013,0.00097
IRL00038,2021,0.0005425,0.00013,0.00096
IRL00057,2019,0.006411999999999999,0.00013,0.00843
IRL00068,2021,0.00017416666666666665,0.00013,0.00024
IRL00070,2021,0.0001375,0.00013,0.00019
IRL00073,2021,0.0004558333333333333,0.00013,0.00098
IRL00075,2021,0.0001708333333333333,0.00013,0.00033
IRL00077,2021,0.0003625,0.00013,0.0007
IRL00078,2021,0.0006241666666666666,0.00034,0.00094
IRL00120,2019,0.00023166666666666667,0.00013,0.00038
IRL00123,2019,0.0003133333333333333,0.00013,0.00052
IRL00124,2019,0.00042833333333333335,0.00017,0.00097
IRL00127,2019,0.00016666666666666666,0.00013,0.00027
IRL00134,2020,0.0001909090909090909,0.00013,0.0004
IRL00155,2019,0.000155,0.00013,0.00022
IRL00156,2019,0.000175,0.00013,0.0004
IRL00165,2021,0.00013,0.00013,0.00013
IRL00168,2019,0.00015999999999999999,0.00013,0.00024
IRL00169,2019,0.0004516666666666667,0.0003,0.00063
ITA00079,2018,5e-05,5e-05,5e-05
ITA00081,2020,0.02,0.02,0.02
ITA00081,2021,0.02,0.02,0.02
ITA00082,2018,5e-05,5e-05,5e-05
ITA00082,2020,0.02,0.02,0.02
ITA00082,2021,0.02,0.02,0.02
ITA00083,2016,0.05000000000000001,0.05,0.05
ITA00083,2017,0.05,0.05,0.05
ITA00083,2018,5e-05,5e-05,5e-05
ITA00083,2019,2.0,2.0,2.0
ITA00083,2020,0.02,0.02,0.02
ITA00083,2021,0.02,0.02,0.02
ITA00084,2012,0.05,0.05,0.05
ITA00084,2015,5.5,5.0,9.0
ITA00084,2016,0.05000000000000001,0.05,0.05
ITA00084,2017,0.05,0.05,0.05
ITA00084,2018,5e-05,5e-05,5e-05
ITA00084,2019,2.0,2.0,2.0
ITA00084,2020,0.02,0.02,0.02
ITA00084,2021,0.02,0.02,0.02
ITA00085,2016,0.05000000000000001,0.05,0.05
ITA00085,2017,0.05,0.05,0.05
ITA00085,2018,5e-05,5e-05,5e-05
ITA00085,2019,2.0,2.0,2.0
ITA00085,2020,0.02,0.02,0.02
ITA00085,2021,0.02,0.02,0.02
ITA00086,2018,5e-05,5e-05,5e-05
ITA00086,2020,0.02,0.02,0.02
ITA00086,2021,0.02,0.02,0.02
ITA00087,2020,0.02,0.02,0.02
ITA00087,2021,0.02,0.02,0.02
ITA00088,2012,0.05,0.05,0.05
ITA00088,2015,5.0,5.0,5.0
ITA00088,2016,0.05,0.05,0.05
ITA00088,2017,0.05000000000000001,0.05,0.05
ITA00088,2018,5e-05,5e-05,5e-05
ITA00088,2019,2.0,2.0,2.0
ITA00088,2020,0.02,0.02,0.02
ITA00088,2021,0.02,0.02,0.02
ITA00090,2016,0.05000000000000001,0.05,0.05
ITA00090,2017,0.05,0.05,0.05
ITA00090,2018,5e-05,5e-05,5e-05
ITA00090,2019,2.0,2.0,2.0
ITA00090,2020,0.02,0.02,0.02
ITA00090,2021,0.02,0.02,0.02
ITA00092,2016,0.05,0.05,0.05
ITA00092,2017,0.05,0.05,0.05
ITA00092,2018,5e-05,5e-05,5e-05
ITA00092,2019,2.0,2.0,2.0
ITA00092,2020,0.02,0.02,0.02
ITA00093,2016,0.05000000000000001,0.05,0.05
ITA00093,2017,0.05,0.05,0.05
ITA00093,2018,5e-05,5e-05,5e-05
ITA00093,2019,2.0,2.0,2.0
ITA00093,2020,0.02,0.02,0.02
ITA00096,2017,0.05000000000000001,0.05,0.05
ITA00097,2016,0.05,0.05,0.05
ITA00097,2017,0.05,0.05,0.05
ITA00097,2018,5e-05,5e-05,5e-05
ITA00097,2019,2.0,2.0,2.0
ITA00097,2020,0.02,0.02,0.02
ITA00097,2021,0.02,0.02,0.02
ITA00098,2018,5e-05,5e-05,5e-05
ITA00098,2021,0.02,0.02,0.02
ITA00100,2016,0.05000000000000001,0.05,0.05
ITA00100,2017,0.05,0.05,0.05
ITA00100,2018,5e-05,5e-05,5e-05
ITA00100,2019,2.0,2.0,2.0
ITA00100,2020,0.02,0.02,0.02
ITA00100,2021,0.02,0.02,0.02
ITA00103,2021,0.02,0.02,0.02
ITA00107,2017,0.05,0.05,0.05
ITA00108,2016,0.05000000000000001,0.05,0.05
ITA00108,2017,0.05000000000000001,0.05,0.05
ITA00109,2016,0.05,0.05,0.05
ITA00109,2017,0.05,0.05,0.05
ITA00109,2018,5e-05,5e-05,5e-05
ITA00109,2019,2.0,2.0,2.0
ITA00109,2020,0.02,0.02,0.02
ITA00112,2021,0.02,0.02,0.02
ITA00117,2016,0.05000000000000001,0.05,0.05
ITA00117,2017,0.050833333333333335,0.05,0.06
ITA00121,2021,0.02,0.02,0.02
ITA00126,2016,0.05,0.05,0.05
ITA00126,2017,0.05,0.05,0.05
ITA00126,2018,5e-05,5e-05,5e-05
ITA00126,2019,2.0,2.0,2.0
ITA00126,2020,0.02,0.02,0.02
ITA00126,2021,0.02,0.02,0.02
ITA00129,2016,0.05000000000000001,0.05,0.05
ITA00129,2019,2.0,2.0,2.0
ITA00129,2020,0.02,0.02,0.02
ITA00129,2021,0.02,0.02,0.02
ITA00131,2021,0.02,0.02,0.02
ITA00133,2021,0.02,0.02,0.02
ITA00134,2016,0.05000000000000001,0.05,0.05
ITA00134,2017,0.05,0.05,0.05
ITA00142,2012,0.05000000000000001,0.05,0.05
ITA00142,2015,5.0,5.0,5.0
ITA00142,2016,0.05,0.05,0.05
ITA00142,2017,0.050833333333333335,0.05,0.06
ITA00142,2020,0.02,0.02,0.02
ITA00142,2021,0.02,0.02,0.02
ITA00145,2016,0.05,0.05,0.05
ITA00145,2017,0.05,0.05,0.05
ITA00145,2018,5e-05,5e-05,5e-05
ITA00145,2019,2.0,2.0,2.0
ITA00145,2020,0.02,0.02,0.02
ITA00145,2021,0.029455555555555554,0.02,0.0537
ITA00146,2015,5.0,5.0,5.0
ITA00146,2016,0.05000000000000001,0.05,0.05
ITA00146,2017,0.05,0.05,0.05
ITA00146,2018,5e-05,5e-05,5e-05
ITA00146,2019,2.0,2.0,2.0
ITA00146,2020,0.02,0.02,0.02
ITA00146,2021,0.02,0.02,0.02
ITA00147,2015,5.0,5.0,5.0
ITA00147,2016,0.05,0.05,0.05
ITA00147,2017,0.053750000000000006,0.05,0.08
ITA00147,2018,5e-05,5e-05,5e-05
ITA00147,2019,2.0,2.0,2.0
ITA00147,2020,0.02,0.02,0.02
ITA00147,2021,0.02415,0.02,0.0449
ITA00148,2016,0.05,0.05,0.05
ITA00149,2021,0.02,0.02,0.02
ITA00150,2016,0.05000000000000001,0.05,0.05
ITA00150,2017,0.05,0.05,0.05
ITA00150,2018,5e-05,5e-05,5e-05
ITA00150,2019,2.0,2.0,2.0
ITA00150,2020,0.02,0.02,0.02
ITA00150,2021,0.02,0.02,0.02
ITA00152,2016,0.05,0.05,0.05
ITA00152,2017,0.05,0.05,0.05
ITA00152,2018,5e-05,5e-05,5e-05
ITA00152,2019,2.0,2.0,2.0
ITA00152,2020,0.02,0.02,0.02
ITA00152,2021,0.02,0.02,0.02
ITA00156,2020,0.02,0.02,0.02
ITA00156,2021,0.02,0.02,0.02
ITA00159,2016,0.05,0.05,0.05
ITA00159,2017,0.05000000000000001,0.05,0.05
ITA00159,2018,5e-05,5e-05,5e-05
ITA00159,2019,2.0,2.0,2.0
ITA00159,2020,0.02,0.02,0.02
ITA00159,2021,0.02,0.02,0.02
ITA00160,2020,0.02,0.02,0.02
ITA00164,2016,0.05,0.05,0.05
ITA00164,2020,0.02,0.02,0.02
ITA00165,2016,0.05,0.05,0.05
ITA00165,2017,0.05,0.05,0.05
ITA00165,2018,5e-05,5e-05,5e-05
ITA00165,2019,2.0,2.0,2.0
ITA00165,2020,0.02,0.02,0.02
ITA00165,2021,0.02,0.02,0.02
ITA00166,2018,7e-05,7e-05,7e-05
ITA00166,2021,0.02,0.02,0.02
ITA00167,2016,0.05,0.05,0.05
ITA00167,2017,0.05,0.05,0.05
ITA00167,2018,5e-05,5e-05,5e-05
ITA00167,2019,2.0,2.0,2.0
ITA00167,2020,0.02,0.02,0.02
ITA00167,2021,0.02,0.02,0.02
ITA00169,2012,0.05,0.05,0.05
ITA00169,2015,5.0,5.0,5.0
ITA00169,2016,0.05000000000000001,0.05,0.05
ITA00169,2017,0.05,0.05,0.05
ITA00169,2018,5e-05,5e-05,5e-05
ITA00169,2019,2.0,2.0,2.0
ITA00169,2020,0.02,0.02,0.02
ITA00169,2021,0.02,0.02,0.02
ITA00175,2015,5.0,5.0,5.0
ITA00175,2016,0.05,0.05,0.05
ITA00175,2017,0.05,0.05,0.05
ITA00175,2018,5e-05,5e-05,5e-05
ITA00175,2019,2.0,2.0,2.0
ITA00175,2020,0.02,0.02,0.02
ITA00175,2021,0.02,0.02,0.02
ITA00177,2016,0.05,0.05,0.05
ITA00177,2017,0.05,0.05,0.05
ITA00177,2018,5e-05,5e-05,5e-05
ITA00177,2019,2.0,2.0,2.0
ITA00177,2020,0.02,0.02,0.02
ITA00177,2021,0.02,0.02,0.02
ITA00178,2016,0.05000000000000001,0.05,0.05
ITA00178,2017,0.05416666666666667,0.05,0.1
ITA00178,2018,5e-05,5e-05,5e-05
ITA00178,2019,2.0,2.0,2.0
ITA00178,2020,0.02,0.02,0.02
ITA00178,2021,0.02,0.02,0.02
ITA00181,2016,0.05,0.05,0.05
ITA00181,2017,0.05,0.05,0.05
ITA00181,2018,5e-05,5e-05,5e-05
ITA00181,2019,2.0,2.0,2.0
ITA00181,2020,0.02,0.02,0.02
ITA00181,2021,0.02,0.02,0.02
ITA00183,2016,0.05000000000000001,0.05,0.05
ITA00183,2017,0.05,0.05,0.05
ITA00183,2018,5e-05,5e-05,5e-05
ITA00183,2019,2.0,2.0,2.0
ITA00183,2020,0.02,0.02,0.02
ITA00183,2021,0.02,0.02,0.02
ITA00184,2016,0.05,0.05,0.05
ITA00184,2017,0.05,0.05,0.05
ITA00184,2018,5e-05,5e-05,5e-05
ITA00184,2019,2.0,2.0,2.0
ITA00184,2020,0.02,0.02,0.02
ITA00184,2021,0.02,0.02,0.02
ITA00185,2016,0.05000000000000001,0.05,0.05
ITA00185,2017,0.05,0.05,0.05
ITA00185,2018,5e-05,5e-05,5e-05
ITA00185,2019,2.0,2.0,2.0
ITA00185,2020,0.02,0.02,0.02
ITA00189,2018,5e-05,5e-05,5e-05
ITA00191,2021,0.02,0.02,0.02
ITA00194,2020,0.0002,0.0002,0.0002
ITA00194,2021,0.00019666666666666669,0.00019,0.00021
ITA00195,2020,0.0002,0.0002,0.0002
ITA00195,2021,0.00018999999999999998,0.00019,0.00019
ITA00196,2020,0.0002,0.0002,0.0002
ITA00196,2021,0.00019,0.00019,0.00019
ITA00197,2020,0.0002,0.0002,0.0002
ITA00197,2021,0.00019,0.00019,0.00019
ITA00198,2020,0.0002,0.0002,0.0002
ITA00198,2021,0.00018999999999999998,0.00019,0.00019
ITA00199,2020,0.0002,0.0002,0.0002
ITA00199,2021,0.00019,0.00019,0.00019
ITA00200,2020,0.0002,0.0002,0.0002
ITA00200,2021,0.00019,0.00019,0.00019
ITA00201,2017,0.01,0.01,0.01
ITA00201,2021,0.00019,0.00019,0.00019
ITA00202,2017,0.01,0.01,0.01
ITA00202,2021,0.00019,0.00019,0.00019
ITA00203,2020,0.0002,0.0002,0.0002
ITA00203,2021,0.00019,0.00019,0.00019
ITA00204,2020,0.0002,0.0002,0.0002
ITA00204,2021,0.00019,0.00019,0.00019
ITA00205,2021,0.0021516666666666667,0.00039,0.0043
ITA00207,2021,0.0028166666666666665,0.0013,0.0048
ITA00208,2021,0.000442,0.00019,0.0011
ITA00214,2021,0.001495,0.00054,0.0033
ITA00217,2021,0.00109,0.00019,0.0034
ITA00219,2021,0.0015825000000000001,0.00032,0.0046
ITA00224,2021,0.0021475,0.00049,0.0036
ITA00226,2021,0.0009225,0.00019,0.0016
ITA00230,2021,0.002275,0.0005,0.0042
ITA00233,2021,0.010925,0.0022,0.0218
ITA00235,2021,0.00307,0.00088,0.006
ITA00237,2018,0.00024,0.00024,0.00024
ITA00239,2017,0.0005,0.0005,0.0005
ITA00239,2020,0.0002,0.0002,0.0002
ITA00239,2021,0.00085,0.0002,0.0022
ITA00246,2017,0.0005,0.0005,0.0005
ITA00246,2021,0.0003666666666666666,0.0002,0.0012
ITA00250,2017,0.0005,0.0005,0.0005
ITA00250,2018,1e-05,1e-05,1e-05
ITA00250,2019,0.0014,0.0014,0.0014
ITA00250,2021,0.00052,0.0002,0.0017
ITA00252,2017,0.0005,0.0005,0.0005
ITA00252,2020,0.0002,0.0002,0.0002
ITA00252,2021,0.0003333333333333333,0.0002,0.0008
ITA00258,2019,0.0007,0.0007,0.0007
ITA00258,2020,0.0008,0.0008,0.0008
ITA00258,2021,0.001,0.001,0.001
ITA00263,2019,0.001,0.001,0.001
ITA00263,2020,0.0002,0.0002,0.0002
ITA00263,2021,0.0006,0.0006,0.0006
ITA00276,2020,0.0006,0.0006,0.0006
ITA00276,2021,0.0002,0.0002,0.0002
ITA00277,2020,0.0002,0.0002,0.0002
ITA00277,2021,0.0002,0.0002,0.0002
ITA00282,2019,0.0002,0.0002,0.0002
ITA00282,2020,0.0048,0.0048,0.0048
ITA00282,2021,0.0065,0.0065,0.0065
ITA00285,2021,0.0002,0.0002,0.0002
ITA00298,2019,0.01,0.01,0.01
ITA00298,2020,0.00034,0.0002,0.0007
ITA00299,2019,0.01,0.01,0.01
ITA00299,2020,0.000265,0.0002,0.00036
ITA00300,2019,0.01,0.01,0.01
ITA00301,2020,0.01,0.01,0.01
ITA00303,2019,0.01,0.01,0.01
ITA00303,2020,0.0002,0.0002,0.0002
ITA00304,2019,0.01,0.01,0.01
ITA00305,2019,0.01,0.01,0.01
ITA00305,2020,0.00024,0.0002,0.00036
ITA00307,2019,0.01,0.01,0.01
ITA00308,2019,0.01,0.01,0.01
ITA00309,2019,0.01,0.01,0.01
ITA00310,2019,0.01,0.01,0.01
ITA00310,2020,0.0044571428571428574,0.0002,0.01
ITA00311,2019,0.01,0.01,0.01
ITA00311,2020,0.0034,0.0002,0.01
ITA00314,2019,0.01,0.01,0.01
ITA00316,2019,0.01,0.01,0.01
ITA00324,2020,0.0019,0.0019,0.0019
ITA00330,2020,0.001,0.001,0.001
ITA00336,2020,0.02,0.02,0.02
ITA00336,2021,0.02,0.02,0.02
ITA00337,2020,0.02,0.02,0.02
ITA00337,2021,0.02,0.02,0.02
ITA00338,2016,0.05000000000000001,0.05,0.05
ITA00338,2017,0.05,0.05,0.05
ITA00338,2018,5e-05,5e-05,5e-05
ITA00338,2019,2.0,2.0,2.0
ITA00338,2020,0.02,0.02,0.02
ITA00338,2021,0.02,0.02,0.02
ITA00340,2016,0.05,0.05,0.05
ITA00340,2019,2.0,2.0,2.0
ITA00340,2020,0.02,0.02,0.02
ITA00340,2021,0.02,0.02,0.02
ITA00341,2020,0.02,0.02,0.02
ITA00341,2021,0.02,0.02,0.02
ITA00342,2016,0.05,0.05,0.05
ITA00342,2017,0.05,0.05,0.05
ITA00342,2018,5e-05,5e-05,5e-05
ITA00342,2019,2.0,2.0,2.0
ITA00342,2020,0.02,0.02,0.02
ITA00342,2021,0.02,0.02,0.02
ITA00345,2016,0.05,0.05,0.05
ITA00345,2017,0.05000000000000001,0.05,0.05
ITA00346,2016,0.05,0.05,0.05
ITA00346,2017,0.05,0.05,0.05
ITA00346,2018,5e-05,5e-05,5e-05
ITA00346,2019,2.0,2.0,2.0
ITA00346,2020,0.02,0.02,0.02
ITA00346,2021,0.02,0.02,0.02
ITA00348,2016,0.05,0.05,0.05
ITA00348,2019,2.0,2.0,2.0
ITA00348,2020,0.02,0.02,0.02
ITA00348,2021,0.02,0.02,0.02
ITA00349,2020,0.02,0.02,0.02
ITA00349,2021,0.02,0.02,0.02
ITA00350,2020,0.02,0.02,0.02
ITA00350,2021,0.02,0.02,0.02
ITA00352,2016,0.05000000000000001,0.05,0.05
ITA00352,2017,0.06083333333333333,0.05,0.17
ITA00352,2020,0.020833333333333332,0.02,0.03
ITA00352,2021,0.02335,0.02,0.0531
ITA00353,2021,0.029577777777777776,0.02,0.0961
ITA00357,2016,0.05000000000000001,0.05,0.05
ITA00357,2017,0.051666666666666666,0.05,0.07
ITA00357,2018,5e-05,5e-05,5e-05
ITA00357,2019,2.0,2.0,2.0
ITA00357,2020,0.02,0.02,0.02
ITA00357,2021,0.02,0.02,0.02
ITA00358,2020,0.02,0.02,0.02
ITA00359,2016,0.05,0.05,0.05
ITA00359,2017,0.051666666666666666,0.05,0.07
ITA00359,2018,5e-05,5e-05,5e-05
ITA00359,2019,2.0,2.0,2.0
ITA00359,2020,0.02,0.02,0.02
ITA00359,2021,0.02,0.02,0.02
ITA00360,2016,0.05000000000000001,0.05,0.05
ITA00360,2017,0.05,0.05,0.05
ITA00360,2018,5e-05,5e-05,5e-05
ITA00360,2019,2.0,2.0,2.0
ITA00360,2020,0.02,0.02,0.02
ITA00360,2021,0.02,0.02,0.02
ITA00364,2020,0.00832,0.0033,0.022
ITA00364,2021,0.01125,0.005,0.018
ITA00367,2020,0.0014874999999999999,0.0013,0.0019
ITA00367,2021,0.001155,0.00087,0.0015
ITA00368,2020,0.00065,0.0002,0.0011
ITA00368,2021,0.00036,0.00019,0.0012
ITA00369,2020,0.00232,0.001,0.0044
ITA00369,2021,0.0018416666666666666,0.0009,0.0032
ITA00372,2020,0.00195,0.0012,0.0029
ITA00372,2021,0.0013499999999999999,0.0005,0.0019
ITA00373,2017,0.005,0.005,0.005
ITA00373,2019,0.0010558333333333333,0.00034,0.003
ITA00373,2020,0.00083,0.00031,0.00132
ITA00373,2021,0.0009441666666666666,0.00066,0.00126
ITA00374,2019,0.00025749999999999997,0.0002,0.0006
ITA00374,2020,0.00020416666666666665,0.0002,0.00025
ITA00374,2021,0.0002290909090909091,0.00019,0.00046
ITA00375,2019,0.00025583333333333334,0.0002,0.00046
ITA00375,2020,0.00021333333333333336,0.0002,0.00029
ITA00375,2021,0.00020833333333333335,0.00019,0.00031
ITA00376,2017,0.005,0.005,0.005
ITA00376,2019,0.0021366666666666665,0.00037,0.005
ITA00376,2020,0.0012733333333333333,0.00039,0.00239
ITA00376,2021,0.000995,0.00033,0.00271
ITA00377,2019,0.001505,0.00048,0.00315
ITA00377,2020,0.0013866666666666665,0.00043,0.0019
ITA00377,2021,0.0015483333333333332,0.00072,0.00532
ITA00378,2019,0.0003225,0.0002,0.00083
ITA00378,2020,0.0006066666666666667,0.0002,0.00432
ITA00378,2021,0.00025583333333333334,0.00019,0.00049
ITA00379,2019,0.00041,0.0002,0.0012
ITA00379,2020,0.0004118181818181818,0.0002,0.00087
ITA00379,2021,0.00034333333333333335,0.00019,0.00095
ITA00380,2017,0.005,0.005,0.005
ITA00380,2019,0.0010491666666666668,0.00052,0.00176
ITA00380,2020,0.0009658333333333333,0.00035,0.00146
ITA00380,2021,0.0009383333333333334,0.00037,0.00152
ITA00381,2019,0.0005216666666666667,0.0002,0.00159
ITA00381,2020,0.00043916666666666664,0.00027,0.00082
ITA00381,2021,0.0005116666666666667,0.00024,0.00097
ITA00382,2017,0.008,0.005,0.01
ITA00382,2019,0.0011483333333333335,0.0005,0.00208
ITA00382,2020,0.0008058333333333333,0.00043,0.00138
ITA00382,2021,0.0009866666666666667,0.00059,0.00189
ITA00386,2018,0.005775,0.0023,0.0094
ITA00386,2019,0.010956666666666665,0.0005,0.045
ITA00386,2021,0.01934857142857143,0.00079,0.09761
ITA00389,2021,0.00047200000000000003,0.00019,0.0016
ITA00390,2021,0.00093,0.00029,0.0021
ITA00391,2021,0.00019,0.00019,0.00019
ITA00395,2021,0.0013,0.00034,0.0024
ITA00412,2021,0.0056749999999999995,0.0047,0.0075
ITA00414,2021,0.00019,0.00019,0.00019
ITA00422,2021,0.0010574999999999998,0.00019,0.0034
ITA00426,2021,0.001471666666666667,0.00029,0.0044
ITA00429,2021,0.0012683333333333333,0.00019,0.0027
ITA00435,2021,0.00032250000000000003,0.00019,0.00055
ITA00442,2021,0.0044,0.0014,0.007
ITA00448,2018,0.0008500000000000001,0.0005,0.0012
ITA00448,2019,0.0008166666666666666,0.0002,0.0023
ITA00448,2020,0.00162,0.0003,0.005
ITA00448,2021,0.0014500000000000001,0.0004,0.0031
ITA00450,2018,0.0009333333333333333,0.0005,0.0013
ITA00450,2019,0.0008083333333333333,0.0002,0.002
ITA00450,2020,0.00222,0.0006,0.008
ITA00450,2021,0.00166,0.0007,0.004
ITA00456,2018,0.00030000000000000003,0.0002,0.0004
ITA00456,2019,0.00031999999999999997,0.0002,0.0009
ITA00456,2020,0.00034545454545454544,0.0002,0.0009
ITA00456,2021,0.00053,0.0002,0.001
ITA00459,2018,0.0003,0.0003,0.0003
ITA00462,2019,5e-05,5e-05,5e-05
ITA00463,2019,5e-05,5e-05,5e-05
ITA00465,2020,0.0002,0.0002,0.0002
ITA00466,2020,0.0002,0.0002,0.0002
ITA00468,2019,0.01,0.01,0.01
ITA00468,2020,0.01,0.01,0.01
ITA00469,2019,0.01,0.01,0.01
ITA00469,2020,0.0051,0.0002,0.01
ITA00470,2019,0.01,0.01,0.01
ITA00470,2020,0.01,0.01,0.01
ITA00471,2019,0.01,0.01,0.01
ITA00471,2020,0.01,0.01,0.01
ITA00472,2019,0.01,0.01,0.01
ITA00472,2020,0.01,0.01,0.01
ITA00473,2019,0.01,0.01,0.01
ITA00473,2020,0.01,0.01,0.01
ITA00474,2019,0.01,0.01,0.01
ITA00474,2020,0.01,0.01,0.01
ITA00475,2019,0.01,0.01,0.01
ITA00476,2019,0.01,0.01,0.01
ITA00476,2020,0.01,0.01,0.01
ITA00477,2019,0.01,0.01,0.01
ITA00477,2020,0.01,0.01,0.01
ITA00478,2019,0.01,0.01,0.01
ITA00478,2020,0.01,0.01,0.01
ITA00479,2019,0.01,0.01,0.01
ITA00479,2020,0.01,0.01,0.01
ITA00480,2019,0.01,0.01,0.01
ITA00480,2020,0.01,0.01,0.01
ITA00481,2019,0.01,0.01,0.01
ITA00481,2020,0.01,0.01,0.01
ITA00482,2019,0.01,0.01,0.01
ITA00482,2020,0.01,0.01,0.01
ITA00483,2019,0.01,0.01,0.01
ITA00483,2020,0.0002,0.0002,0.0002
ITA00487,2019,0.01,0.01,0.01
ITA00488,2019,0.0009,0.0009,0.0009
ITA00488,2020,0.00125,0.0008,0.0017
ITA00489,2019,0.0009,0.0009,0.0009
ITA00489,2020,0.00165,0.0015,0.0018
ITA00492,2019,0.0024,0.0024,0.0024
ITA00492,2020,0.00115,0.001,0.0013
ITA00493,2019,0.0029,0.0029,0.0029
ITA00493,2020,0.00285,0.0007,0.005
LTU00011,2016,0.001,0.001,0.001
LTU00011,2017,0.0013499999999999999,0.001,0.0033
LTU00011,2018,0.005,0.005,0.005
LTU00011,2021,0.01,0.01,0.01
LTU00013,2014,0.0014333333333333333,0.001,0.005
LTU00013,2015,0.00105,0.001,0.0016
LTU00013,2016,0.0013333333333333333,0.001,0.005
LTU00013,2017,0.001,0.001,0.001
LTU00013,2018,0.005,0.005,0.005
LTU00013,2021,0.01,0.01,0.01
LTU00016,2014,0.0016333333333333332,0.001,0.008
LTU00016,2015,0.0010166666666666668,0.001,0.0012
LTU00016,2016,0.001,0.001,0.001
LTU00016,2017,0.001,0.001,0.001
LTU00016,2018,0.005,0.005,0.005
LTU00016,2021,0.01,0.01,0.01
LTU00017,2015,0.0010416666666666667,0.001,0.0015
LTU00017,2016,0.001,0.001,0.001
LTU00017,2017,0.001,0.001,0.001
LTU00017,2018,0.005,0.005,0.005
LTU00017,2021,0.01,0.01,0.01
LTU00020,2014,0.002125,0.001,0.0092
LTU00020,2015,0.001025,0.001,0.0013
LTU00020,2016,0.001,0.001,0.001
LTU00020,2017,0.001,0.001,0.001
LTU00020,2018,0.005,0.005,0.005
LTU00020,2021,0.01,0.01,0.01
LTU00032,2014,0.003108333333333333,0.001,0.01
LTU00032,2015,0.001075,0.001,0.0019
LTU00032,2016,0.001,0.001,0.001
LTU00032,2017,0.0013583333333333336,0.001,0.0031
LTU00032,2018,0.005,0.005,0.005
LVA00003,2021,6.933333333333334e-05,3.9e-05,0.000403
NLD00054,2019,0.001,0.001,0.001
NLD00055,2019,0.001,0.001,0.001
NLD00062,2019,0.001,0.001,0.001
NLD00065,2018,0.0064125,0.001,0.02
NLD00066,2019,0.0015,0.0015,0.0015
NLD00073,2019,0.001,0.001,0.001
NLD00075,2019,0.0014,0.0014,0.0014
NLD00092,2018,0.01,0.01,0.01
NLD00096,2018,0.01,0.01,0.01
NLD00097,2018,0.0063,0.0063,0.0063
NLD00098,2018,0.0053,0.0053,0.0053
NLD00099,2018,0.0074,0.0074,0.0074
NLD00112,2017,0.010833333333333334,0.01,0.02
NLD00117,2019,0.0020336363636363638,0.00124,0.00244
NLD00117,2020,0.00184,0.00118,0.00234
NLD00117,2021,0.00181,0.00142,0.00229
NLD00120,2019,0.003141818181818182,0.00249,0.00366
NLD00120,2020,0.0027525,0.00176,0.00325
NLD00120,2021,0.002863846153846154,0.00209,0.00342
NLD00121,2019,0.0006518181818181818,0.000549,0.000781
NLD00121,2020,0.0005925714285714285,0.000364,0.000878
NLD00121,2021,0.0005533333333333333,0.000452,0.000725
NLD00122,2019,0.002011818181818182,0.00169,0.00235
NLD00122,2020,0.0018291666666666667,0.0013,0.00293
NLD00122,2021,0.0015508333333333335,0.00133,0.00188
NLD00123,2019,0.010936666666666667,0.00689,0.0175
NLD00123,2020,0.0073,0.00599,0.0101
NLD00123,2021,0.010580909090909092,0.0057,0.0198
NLD00124,2019,0.0007565833333333334,0.000486,0.000993
NLD00124,2020,0.0007065384615384616,0.000447,0.00105
NLD00124,2021,0.0006922307692307692,0.00053,0.000953
NLD00125,2019,0.0019154545454545457,0.00156,0.00236
NLD00125,2020,0.0017575000000000002,0.00133,0.00215
NLD00125,2021,0.0015191666666666667,0.00106,0.00198
NLD00126,2019,0.001444,0.00111,0.00212
NLD00126,2020,0.001495,0.00108,0.00199
NLD00126,2021,0.0014861538461538462,0.00107,0.00237
NLD00127,2019,0.0016619999999999998,0.00104,0.00219
NLD00127,2020,0.0017591666666666667,0.00105,0.00248
NLD00127,2021,0.0019392307692307693,0.0011,0.00384
NLD00128,2019,0.0013209166666666666,0.000969,0.00192
NLD00128,2020,0.001610153846153846,0.000873,0.00532
NLD00130,2019,0.0014874,0.000954,0.00222
NLD00130,2020,0.00153625,0.000885,0.00306
NLD00130,2021,0.0014692307692307691,0.00103,0.00229
NLD00132,2019,0.0013213,0.000769,0.00214
NLD00132,2020,0.0012225,0.00062,0.00182
NLD00132,2021,0.0010485833333333334,0.000489,0.00149
NLD00133,2019,0.00267125,0.00159,0.00488
NLD00133,2020,0.0016676923076923075,0.00125,0.00211
NLD00133,2021,0.00167,0.00106,0.00224
NLD00134,2019,0.0009356666666666667,0.000683,0.00128
NLD00134,2020,0.0007920833333333333,0.000611,0.00108
NLD00134,2021,0.0007075384615384615,0.000519,0.000883
NLD00136,2019,0.0005101999999999999,0.000314,0.000782
NLD00136,2020,0.0005253636363636364,0.000268,0.000754
NLD00136,2021,0.0004281666666666667,0.000285,0.000616
NLD00137,2019,0.0017375000000000001,0.00125,0.00218
NLD00137,2020,0.001515,0.0012,0.00211
NLD00137,2021,0.0013992307692307694,0.0011,0.00179
NLD00141,2019,0.002924,0.0015,0.00763
NLD00141,2020,0.0018084615384615385,0.0013,0.00386
NLD00141,2021,0.0016423076923076925,0.00128,0.00203
NLD00142,2019,0.0017875,0.00135,0.0024
NLD00142,2020,0.0017553846153846155,0.00127,0.00213
NLD00142,2021,0.0016723076923076921,0.00139,0.00209
NLD00144,2019,0.003215454545454545,0.00174,0.00528
NLD00144,2020,0.002724615384615385,0.00151,0.008
NLD00144,2021,0.0023882307692307692,0.000987,0.00529
NLD00145,2019,0.001761111111111111,0.0013,0.00224
NLD00145,2020,0.0017676923076923078,0.00131,0.00232
NLD00145,2021,0.0016915384615384616,0.00128,0.0022
NLD00147,2019,0.0018620000000000002,0.00111,0.00304
NLD00147,2020,0.0018605454545454544,0.000996,0.00282
NLD00147,2021,0.001821846153846154,0.000924,0.00273
NLD00149,2019,0.00182,0.00159,0.00211
NLD00149,2020,0.0017058333333333333,0.00135,0.00209
NLD00149,2021,0.0016607692307692309,0.00124,0.00222
NLD00189,2021,0.0033,0.0033,0.0033
NLD00201,2021,0.0061,0.0061,0.0061
NLD00205,2021,0.0045,0.0045,0.0045
NLD00236,2020,0.0010166666666666668,0.001,0.0011
NLD00237,2019,0.007500000000000001,0.001,0.068
NLD00237,2020,0.001,0.001,0.001
NLD00238,2019,0.0030833333333333333,0.001,0.026
NLD00239,2020,0.001,0.001,0.001
NLD00240,2021,0.002275,0.001,0.01
NLD00241,2021,0.0024416666666666666,0.001,0.005
NLD00242,2021,0.0029291666666666667,0.001,0.008
NLD00243,2019,0.00425,0.001,0.021
NLD00243,2021,0.0027125,0.001,0.0051
NLD00244,2019,0.0018833333333333334,0.001,0.0085
NLD00244,2020,0.001125,0.001,0.002
NLD00245,2019,0.0016666666666666668,0.001,0.005
NLD00246,2019,0.00795,0.001,0.039
NLD00247,2021,0.005091666666666667,0.001,0.015
NLD00248,2021,0.003245833333333333,0.001,0.009
NLD00250,2021,0.00145,0.001,0.003
NLD00251,2021,0.002275,0.001,0.006
NLD00252,2021,0.0041625,0.001,0.012
NLD00253,2021,0.0030708333333333334,0.001,0.01
NLD00254,2020,0.0013083333333333332,0.001,0.0018
NLD00255,2020,0.001025,0.001,0.0013
NLD00256,2020,0.0010416666666666667,0.0005,0.002
NLD00257,2020,0.0020166666666666666,0.001,0.0035
NLD00258,2020,0.0017416666666666665,0.001,0.0031
NLD00259,2020,0.00175,0.001,0.01
NLD00260,2021,0.0012833333333333334,0.001,0.004
NLD00261,2019,0.00125,0.001,0.002
NLD00262,2019,0.012225,0.001,0.046
NLD00263,2021,0.0033083333333333333,0.001,0.009
NLD00264,2020,0.0013750000000000001,0.001,0.0039
NLD00264,2021,0.0017041666666666665,0.001,0.004
NLD00265,2020,0.0010833333333333333,0.001,0.0018
NLD00266,2020,0.0015000000000000002,0.001,0.006
NLD00267,2020,0.0010583333333333332,0.001,0.0017
NLD00270,2020,0.0017363636363636364,0.001,0.0091
NLD00271,2020,0.001,0.001,0.001
NLD00272,2020,0.00145,0.001,0.0045
NLD00273,2020,0.001,0.001,0.001
NLD00274,2020,0.0013499999999999999,0.001,0.0025
NLD00275,2020,0.001,0.001,0.001
NLD00276,2021,0.0012416666666666667,0.001,0.003
NLD00277,2019,0.0012,0.001,0.002
NLD00279,2019,0.001325,0.001,0.0037
NLD00280,2019,0.0011666666666666668,0.001,0.002
NLD00281,2019,0.0025833333333333333,0.001,0.019
NLD00283,2019,0.0011666666666666668,0.001,0.002
NLD00285,2020,0.001175,0.001,0.003
NLD00290,2018,0.0018583333333333334,0.001,0.004
NLD00300,2016,0.0075,0.005,0.01
NLD00300,2017,0.003941666666666667,0.001,0.034
NLD00302,2016,0.0075,0.005,0.01
NLD00302,2017,0.0031416666666666663,0.001,0.022
NLD00311,2017,0.005125,0.001,0.038
NLD00316,2017,0.0016272727272727272,0.001,0.004
NLD00316,2018,0.0012916666666666667,0.001,0.002
NLD00316,2019,0.0026333333333333334,0.001,0.02
NLD00316,2020,0.0011416666666666667,0.001,0.0019
NLD00317,2017,0.0015545454545454545,0.001,0.0041
NLD00317,2018,0.001025,0.001,0.0012
NLD00317,2019,0.0028333333333333335,0.001,0.02
NLD00317,2020,0.001425,0.001,0.0061
NLD00318,2017,0.0014272727272727271,0.001,0.0043
NLD00318,2018,0.0010333333333333334,0.001,0.0014
NLD00318,2019,0.0026666666666666666,0.001,0.02
NLD00318,2020,0.0018583333333333334,0.001,0.011
NLD00319,2020,0.0013,0.001,0.0046
NLD00320,2020,0.0010166666666666668,0.001,0.0012
NLD00323,2017,0.0016909090909090908,0.001,0.0033
NLD00323,2018,0.00115,0.001,0.0019
NLD00323,2019,0.002616666666666667,0.001,0.02
NLD00323,2020,0.001075,0.001,0.0017
NLD00324,2017,0.0017181818181818181,0.001,0.0061
NLD00324,2018,0.0010166666666666668,0.001,0.0012
NLD00324,2019,0.001,0.001,0.001
NLD00324,2020,0.0012250000000000002,0.001,0.0037
NLD00327,2017,0.002218181818181818,0.001,0.0083
NLD00327,2018,0.005275000000000001,0.001,0.049
NLD00327,2019,0.003136363636363637,0.001,0.02
NLD00327,2020,0.001,0.001,0.001
NLD00328,2017,0.0017272727272727272,0.001,0.0044
NLD00328,2018,0.0010333333333333334,0.001,0.0013
NLD00328,2019,0.001,0.001,0.001
NLD00328,2020,0.001,0.001,0.001
NLD00329,2020,0.0011416666666666667,0.001,0.002
NLD00330,2017,0.0019000000000000002,0.001,0.0044
NLD00330,2018,0.0011,0.001,0.0018
NLD00330,2019,0.001,0.001,0.001
NLD00330,2020,0.001,0.001,0.001
NLD00331,2020,0.0010166666666666668,0.001,0.0012
NLD00332,2020,0.0010416666666666667,0.001,0.0015
NLD00333,2017,0.0013363636363636364,0.001,0.003
NLD00333,2018,0.0010416666666666667,0.001,0.0015
NLD00333,2019,0.0025833333333333337,0.001,0.02
NLD00333,2020,0.001,0.001,0.001
NLD00335,2020,0.0019130434782608694,0.001,0.004
NLD00335,2021,0.0026666666666666666,0.001,0.012
NLD00336,2017,0.00125,0.001,0.002
NLD00336,2018,0.001,0.001,0.001
NLD00336,2020,0.001,0.001,0.001
NLD00339,2017,0.00175,0.001,0.003
NLD00339,2018,0.00125,0.001,0.002
NLD00339,2020,0.0011304347826086958,0.001,0.002
NLD00339,2021,0.0011666666666666668,0.001,0.002
NLD00341,2017,0.01,0.01,0.01
NLD00342,2017,0.010833333333333334,0.01,0.02
NLD00349,2017,0.01,0.01,0.01
NLD00350,2017,0.01,0.01,0.01
NLD00358,2016,0.0075,0.005,0.01
NLD00358,2018,0.0012,0.001,0.002
NLD00362,2018,0.0011083333333333333,0.001,0.0023
NLD00367,2016,0.0075,0.005,0.01
NLD00367,2018,0.002075,0.001,0.0069
NLD00391,2020,0.00485,0.0031,0.006
NLD00408,2020,0.004275,0.0025,0.0073
NLD00410,2017,0.01,0.01,0.01
NLD00410,2020,0.010833333333333334,0.01,0.02
NLD00411,2017,0.01,0.01,0.01
NLD00412,2017,0.01,0.01,0.01
NLD00412,2020,0.01,0.01,0.01
NLD00413,2017,0.01,0.01,0.01
NLD00414,2017,0.01,0.01,0.01
NLD00415,2017,0.011666666666666667,0.01,0.02
NLD00415,2020,0.01,0.01,0.01
NLD00417,2017,0.01,0.01,0.01
NLD00424,2019,0.007831818181818183,0.00549,0.0101
NLD00424,2020,0.006933333333333333,0.00117,0.0142
NOR00021,2017,2.8600000000000003,2.2,3.52
NOR00021,2019,0.0007,0.0006,0.0008
NOR00021,2020,0.0022333333333333333,0.0014,0.0032
SWE00059,2021,0.0015,0.0014,0.0016
